date,symbol,open,high,low,close,volume
2023-01-03,SOCK,100.0,100.51,99.32,99.55,3143528
2023-01-03,YARN,50.0,52.0,49.9,51.74,3135325
2023-01-04,SOCK,99.55,99.78,98.73,98.98,3029742
2023-01-04,YARN,51.74,53.73,51.42,53.48,1525477
2023-01-05,SOCK,98.98,101.34,98.59,101.09,2698076
2023-01-05,YARN,53.48,54.27,52.91,53.05,1351388
2023-01-06,SOCK,101.09,101.77,100.63,101.53,1892955
2023-01-06,YARN,53.05,55.7,52.61,54.21,3439810
2023-01-09,SOCK,101.53,103.3,97.28,98.15,4905020
2023-01-09,YARN,54.21,54.72,51.72,52.09,2843533
2023-01-10,SOCK,98.15,100.01,96.74,97.29,2158437
2023-01-10,YARN,52.09,55.52,51.77,54.45,2875862
2023-01-11,SOCK,97.29,98.34,96.65,97.95,1722905
2023-01-11,YARN,54.45,55.01,53.84,54.01,2532686
2023-01-12,SOCK,97.95,102.64,97.27,101.38,2489590
2023-01-12,YARN,54.01,56.04,53.94,55.93,2410611
2023-01-13,SOCK,101.38,101.48,100.1,100.74,3721599
2023-01-13,YARN,55.93,57.22,55.02,56.74,2139279
2023-01-16,SOCK,100.74,102.09,100.36,101.3,3342247
2023-01-16,YARN,56.74,57.45,56.01,56.06,4088514
2023-01-17,SOCK,101.3,101.55,99.3,99.73,1976386
2023-01-17,YARN,56.06,56.68,55.44,56.41,1248067
2023-01-18,SOCK,99.73,100.81,96.28,96.81,4500549
2023-01-18,YARN,56.41,57.11,54.53,55.11,3941652
2023-01-19,SOCK,96.81,97.6,96.19,96.67,2672491
2023-01-19,YARN,55.11,56.41,53.8,56.03,1618086
2023-01-20,SOCK,96.67,96.69,96.05,96.6,2955852
2023-01-20,YARN,56.03,56.44,54.69,55.35,3701375
2023-01-23,SOCK,96.6,99.81,96.49,99.45,4501911
2023-01-23,YARN,55.35,56.43,52.53,52.95,3955066
2023-01-24,SOCK,99.45,100.04,95.54,96.92,3377479
2023-01-24,YARN,52.95,53.01,49.93,51.23,2900953
2023-01-25,SOCK,96.92,97.44,93.88,95.1,2896393
2023-01-25,YARN,51.23,52.96,50.89,51.77,4483303
2023-01-26,SOCK,95.1,95.28,91.02,91.3,3805968
2023-01-26,YARN,51.77,53.09,51.33,51.36,3343338
2023-01-27,SOCK,91.3,93.59,87.57,87.88,2543165
2023-01-27,YARN,51.36,51.39,46.75,47.42,4134744
2023-01-30,SOCK,87.88,87.97,86.48,86.64,2846781
2023-01-30,YARN,47.42,48.1,46.1,46.78,2518249
2023-01-31,SOCK,86.64,87.5,85.26,87.12,1517360
2023-01-31,YARN,46.78,47.01,45.21,45.31,2562737
2023-02-01,SOCK,87.12,88.26,86.25,88.25,4485687
2023-02-01,YARN,45.31,45.94,43.98,44.2,2287975
2023-02-02,SOCK,88.25,90.46,86.51,89.99,4277119
2023-02-02,YARN,44.2,46.08,43.48,44.81,1736846
2023-02-03,SOCK,89.99,90.46,88.36,88.9,2661186
2023-02-03,YARN,44.81,44.95,44.45,44.82,3301731
2023-02-06,SOCK,88.9,90.33,86.14,86.62,1704870
2023-02-06,YARN,44.82,44.96,43.81,44.33,4373559
2023-02-07,SOCK,86.62,86.69,85.79,86.41,2939850
2023-02-07,YARN,44.33,45.21,42.36,43.77,1817238
2023-02-08,SOCK,86.41,86.77,84.43,85.32,2477014
2023-02-08,YARN,43.77,44.41,41.0,41.2,3259738
2023-02-09,SOCK,85.32,87.35,84.47,85.42,3761974
2023-02-09,YARN,41.2,42.62,41.17,41.23,4093926
2023-02-10,SOCK,85.42,85.54,82.99,83.11,4598132
2023-02-10,YARN,41.23,41.76,36.28,36.94,3740911
2023-02-13,SOCK,83.11,83.43,81.01,82.67,4191492
2023-02-13,YARN,36.94,37.34,36.47,36.8,3378882
2023-02-14,SOCK,82.67,83.19,80.5,81.42,1248991
2023-02-14,YARN,36.8,37.88,34.93,35.22,1395865
2023-02-15,SOCK,81.42,83.38,81.19,82.86,1649212
2023-02-15,YARN,35.22,35.6,33.7,34.07,3245354
2023-02-16,SOCK,82.86,83.09,82.15,82.62,1405857
2023-02-16,YARN,34.07,34.54,31.65,32.2,2760653
2023-02-17,SOCK,82.62,82.8,82.48,82.67,4497329
2023-02-17,YARN,32.2,33.34,30.83,31.96,2373118
2023-02-20,SOCK,82.67,82.98,82.0,82.02,2456653
2023-02-20,YARN,31.96,32.12,30.04,30.23,4913706
2023-02-21,SOCK,82.02,84.74,80.9,83.58,4972410
2023-02-21,YARN,30.23,31.19,29.75,30.94,1442046
2023-02-22,SOCK,83.58,83.78,81.43,81.75,2370543
2023-02-22,YARN,30.94,32.51,30.33,32.06,4552574
2023-02-23,SOCK,81.75,82.33,80.22,82.19,1645754
2023-02-23,YARN,32.06,32.31,29.3,29.42,2159705
2023-02-24,SOCK,82.19,86.54,81.74,86.23,3172689
2023-02-24,YARN,29.42,29.46,28.28,28.39,3520392
2023-02-27,SOCK,86.23,87.28,85.94,86.11,4914004
2023-02-27,YARN,28.39,29.21,28.15,28.89,4974995
2023-02-28,SOCK,86.11,88.93,86.06,87.9,1668168
2023-02-28,YARN,28.89,28.99,28.09,28.73,2226961
2023-03-01,SOCK,87.9,89.78,86.83,89.63,4116219
2023-03-01,YARN,28.73,29.55,28.69,29.54,2217826
2023-03-02,SOCK,89.63,90.19,88.1,89.08,4410515
2023-03-02,YARN,29.54,30.69,29.39,30.19,2991445
2023-03-03,SOCK,89.08,89.64,82.89,84.35,3959492
2023-03-03,YARN,30.19,30.52,29.56,29.67,3587245
2023-03-06,SOCK,84.35,85.71,84.22,84.7,1111748
2023-03-06,YARN,29.67,29.97,26.33,26.69,1486005
2023-03-07,SOCK,84.7,85.19,84.05,85.07,3770087
2023-03-07,YARN,26.69,27.07,25.77,26.33,1426584
2023-03-08,SOCK,85.07,87.16,82.74,86.91,4820002
2023-03-08,YARN,26.33,26.87,25.6,26.72,3452016
2023-03-09,SOCK,86.91,87.31,84.51,84.96,1907383
2023-03-09,YARN,26.72,26.77,26.38,26.52,1049965
2023-03-10,SOCK,84.96,85.94,83.67,85.39,4361742
2023-03-10,YARN,26.52,26.96,26.44,26.61,1677658
2023-03-13,SOCK,85.39,86.63,82.71,82.87,4198574
2023-03-13,YARN,26.61,26.63,25.71,25.89,4615420
2023-03-14,SOCK,82.87,85.65,81.65,85.02,4000561
2023-03-14,YARN,25.89,26.07,24.91,25.27,1218715
2023-03-15,SOCK,85.02,85.54,83.4,83.47,4156541
2023-03-15,YARN,25.27,25.9,24.95,25.51,4838451
2023-03-16,SOCK,83.47,84.77,81.22,82.04,2605547
2023-03-16,YARN,25.51,25.7,24.52,24.52,4723292
2023-03-17,SOCK,82.04,83.28,81.36,81.79,1680014
2023-03-17,YARN,24.52,24.95,24.27,24.75,4595471
2023-03-20,SOCK,81.79,82.83,80.57,82.5,1584697
2023-03-20,YARN,24.75,25.3,24.0,25.01,2982207
2023-03-21,SOCK,82.5,83.56,78.85,80.86,3629073
2023-03-21,YARN,25.01,25.27,23.79,23.87,2559181
2023-03-22,SOCK,80.86,81.69,79.62,79.71,4883560
2023-03-22,YARN,23.87,24.12,23.51,23.77,2937558
2023-03-23,SOCK,79.71,80.53,78.92,79.95,4734499
2023-03-23,YARN,23.77,25.21,23.52,25.13,1693870
2023-03-24,SOCK,79.95,80.61,76.79,77.04,2007339
2023-03-24,YARN,25.13,25.32,24.53,24.83,3246136
2023-03-27,SOCK,77.04,77.19,75.6,76.14,3345748
2023-03-27,YARN,24.83,25.18,24.43,24.73,2542389
2023-03-28,SOCK,76.14,76.93,74.96,76.09,2415136
2023-03-28,YARN,24.73,24.81,24.02,24.51,2404990
2023-03-29,SOCK,76.09,79.59,75.83,78.59,4617187
2023-03-29,YARN,24.51,25.49,24.27,25.48,2134347
2023-03-30,SOCK,78.59,79.43,74.62,75.55,3094026
2023-03-30,YARN,25.48,25.6,25.3,25.5,1623573
2023-03-31,SOCK,75.55,76.39,75.46,75.58,1732431
2023-03-31,YARN,25.5,25.55,24.75,24.9,2078670
2023-04-03,SOCK,75.58,78.36,75.18,78.33,3900773
2023-04-03,YARN,24.9,25.28,24.24,25.11,4219758
2023-04-04,SOCK,78.33,80.61,78.09,79.94,3073394
2023-04-04,YARN,25.11,25.81,24.81,25.61,3889865
2023-04-05,SOCK,79.94,80.42,76.58,77.36,1993977
2023-04-05,YARN,25.61,26.29,24.0,24.23,3019318
2023-04-06,SOCK,77.36,78.86,76.05,78.63,3030855
2023-04-06,YARN,24.23,26.02,23.84,25.96,1523779
2023-04-07,SOCK,78.63,79.14,75.52,76.22,3450111
2023-04-07,YARN,25.96,26.25,25.39,25.8,2471982
2023-04-10,SOCK,76.22,77.13,75.37,75.4,3770924
2023-04-10,YARN,25.8,25.81,24.68,25.2,1850167
2023-04-11,SOCK,75.4,75.68,71.93,73.67,3796871
2023-04-11,YARN,25.2,25.61,24.73,25.47,2081636
2023-04-12,SOCK,73.67,75.46,72.44,74.2,2038369
2023-04-12,YARN,25.47,25.52,25.03,25.4,3630085
2023-04-13,SOCK,74.2,74.85,70.73,70.93,1486487
2023-04-13,YARN,25.4,25.54,24.68,24.81,1708188
2023-04-14,SOCK,70.93,71.19,70.23,70.33,1962555
2023-04-14,YARN,24.81,25.21,24.54,25.01,3650995
2023-04-17,SOCK,70.33,72.72,70.01,72.24,1617786
2023-04-17,YARN,25.01,26.08,24.73,25.76,2187834
2023-04-18,SOCK,72.24,72.47,68.28,69.28,1571915
2023-04-18,YARN,25.76,26.78,25.63,26.47,1905699
2023-04-19,SOCK,69.28,73.27,68.95,72.01,2593027
2023-04-19,YARN,26.47,27.82,26.38,27.36,4635691
2023-04-20,SOCK,72.01,77.82,71.83,75.54,4329778
2023-04-20,YARN,27.36,28.32,26.52,28.18,4445121
2023-04-21,SOCK,75.54,77.12,74.85,76.43,1782978
2023-04-21,YARN,28.18,28.9,27.55,28.64,3654442
2023-04-24,SOCK,76.43,76.94,75.23,76.34,1077931
2023-04-24,YARN,28.64,29.15,28.29,28.89,3636254
2023-04-25,SOCK,76.34,76.62,74.17,74.84,3495708
2023-04-25,YARN,28.89,29.2,28.46,28.69,3515308
2023-04-26,SOCK,74.84,75.31,74.82,75.03,4940332
2023-04-26,YARN,28.69,28.78,27.85,28.04,4650744
2023-04-27,SOCK,75.03,78.01,74.57,76.04,1158352
2023-04-27,YARN,28.04,28.7,27.79,27.91,1648052
2023-04-28,SOCK,76.04,76.92,75.44,76.81,1518222
2023-04-28,YARN,27.91,28.09,27.57,27.97,2522967
2023-05-01,SOCK,76.81,77.61,73.63,73.87,1597471
2023-05-01,YARN,27.97,28.77,27.8,28.68,4357861
2023-05-02,SOCK,73.87,74.71,72.42,72.88,3801669
2023-05-02,YARN,28.68,29.3,27.99,28.27,2018836
2023-05-03,SOCK,72.88,73.48,72.59,73.35,1289656
2023-05-03,YARN,28.27,28.53,27.09,27.1,4337098
2023-05-04,SOCK,73.35,74.31,71.58,71.96,4206514
2023-05-04,YARN,27.1,27.19,26.77,27.13,1171839
2023-05-05,SOCK,71.96,75.19,70.65,74.46,2815094
2023-05-05,YARN,27.13,28.27,26.84,27.82,1444749
2023-05-08,SOCK,74.46,76.22,73.66,75.71,4706677
2023-05-08,YARN,27.82,28.08,27.54,28.0,4657925
2023-05-09,SOCK,75.71,76.1,75.11,75.66,1437805
2023-05-09,YARN,28.0,28.19,27.86,28.01,3990248
2023-05-10,SOCK,75.66,75.79,75.31,75.52,1807072
2023-05-10,YARN,28.01,28.17,26.93,27.22,1359734
2023-05-11,SOCK,75.52,76.12,75.04,75.08,3000354
2023-05-11,YARN,27.22,28.19,26.66,28.04,3954442
2023-05-12,SOCK,75.08,75.38,73.27,73.88,1072652
2023-05-12,YARN,28.04,28.32,26.99,27.5,2811121
2023-05-15,SOCK,73.88,74.05,73.78,73.92,1757825
2023-05-15,YARN,27.5,28.93,27.05,28.71,4712519
2023-05-16,SOCK,73.92,75.63,71.84,72.11,1425125
2023-05-16,YARN,28.71,29.68,28.18,29.16,1174765
2023-05-17,SOCK,72.11,73.5,70.74,72.8,2572344
2023-05-17,YARN,29.16,29.92,28.66,28.7,4877657
2023-05-18,SOCK,72.8,74.04,72.75,72.93,4929762
2023-05-18,YARN,28.7,30.15,28.29,29.79,1998760
2023-05-19,SOCK,72.93,74.08,71.18,71.45,2618790
2023-05-19,YARN,29.79,30.74,29.53,30.58,2242211
2023-05-22,SOCK,71.45,71.59,69.35,69.54,1519274
2023-05-22,YARN,30.58,31.38,30.03,30.91,3681337
2023-05-23,SOCK,69.54,72.15,69.52,71.64,1337939
2023-05-23,YARN,30.91,31.31,30.41,30.97,4743374
2023-05-24,SOCK,71.64,73.34,70.43,72.54,3682173
2023-05-24,YARN,30.97,31.2,30.56,30.88,4538741
2023-05-25,SOCK,72.54,73.07,72.16,72.37,1630131
2023-05-25,YARN,30.88,32.11,30.45,31.63,3193040
2023-05-26,SOCK,72.37,74.51,72.18,73.96,4847146
2023-05-26,YARN,31.63,33.17,31.34,33.15,3666129
2023-05-29,SOCK,73.96,76.0,73.89,75.84,2238191
2023-05-29,YARN,33.15,33.47,32.16,32.25,1457913
2023-05-30,SOCK,75.84,79.84,75.81,79.82,2526506
2023-05-30,YARN,32.25,32.37,30.03,30.44,1825731
2023-05-31,SOCK,79.82,79.97,77.73,78.01,1019802
2023-05-31,YARN,30.44,31.28,30.21,31.14,2792072
2023-06-01,SOCK,78.01,79.85,77.67,79.82,2598044
2023-06-01,YARN,31.14,32.85,30.87,32.52,2874637
2023-06-02,SOCK,79.82,80.24,79.62,80.19,3342333
2023-06-02,YARN,32.52,32.74,32.08,32.14,4968511
2023-06-05,SOCK,80.19,82.67,79.95,81.34,3630174
2023-06-05,YARN,32.14,32.21,31.94,32.21,3868565
2023-06-06,SOCK,81.34,82.98,80.13,80.68,4938916
2023-06-06,YARN,32.21,33.53,31.77,33.45,2736961
2023-06-07,SOCK,80.68,82.42,79.64,81.65,3572877
2023-06-07,YARN,33.45,34.43,32.87,34.19,1033208
2023-06-08,SOCK,81.65,85.12,80.75,84.68,3935408
2023-06-08,YARN,34.19,35.86,33.36,35.49,3610415
2023-06-09,SOCK,84.68,84.86,82.82,83.24,3095029
2023-06-09,YARN,35.49,35.49,33.32,33.7,1554609
2023-06-12,SOCK,83.24,83.28,79.62,80.13,3336246
2023-06-12,YARN,33.7,35.59,33.48,35.43,1742938
2023-06-13,SOCK,80.13,81.08,76.62,77.35,3773304
2023-06-13,YARN,35.43,36.09,33.92,34.68,4706817
2023-06-14,SOCK,77.35,77.64,76.86,77.45,1419665
2023-06-14,YARN,34.68,36.4,34.27,35.58,2306693
2023-06-15,SOCK,77.45,79.1,76.6,78.58,3511068
2023-06-15,YARN,35.58,35.98,33.18,34.05,2280622
2023-06-16,SOCK,78.58,79.43,76.9,76.96,4190790
2023-06-16,YARN,34.05,34.53,32.54,33.18,1957518
2023-06-19,SOCK,76.96,77.03,76.05,77.02,3140799
2023-06-19,YARN,33.18,35.21,33.02,34.56,3512844
2023-06-20,SOCK,77.02,77.26,76.71,76.76,1297799
2023-06-20,YARN,34.56,36.01,33.53,35.26,2977519
2023-06-21,SOCK,76.76,76.88,74.42,75.64,1820870
2023-06-21,YARN,35.26,35.57,33.84,33.84,2198288
2023-06-22,SOCK,75.64,77.69,74.68,75.42,2916040
2023-06-22,YARN,33.84,33.94,33.37,33.48,2772753
2023-06-23,SOCK,75.42,76.04,74.24,75.52,3467896
2023-06-23,YARN,33.48,33.7,32.89,32.93,1159772
2023-06-26,SOCK,75.52,75.76,74.84,75.19,3972869
2023-06-26,YARN,32.93,33.05,32.34,32.34,4363292
2023-06-27,SOCK,75.19,76.48,74.27,76.15,1049876
2023-06-27,YARN,32.34,32.87,31.61,32.28,2701777
2023-06-28,SOCK,76.15,77.54,75.6,77.32,3702830
2023-06-28,YARN,32.28,32.97,31.49,31.99,2354674
2023-06-29,SOCK,77.32,77.55,74.39,75.27,2858651
2023-06-29,YARN,31.99,32.65,31.64,31.9,4304287
2023-06-30,SOCK,75.27,75.35,74.18,74.57,4912502
2023-06-30,YARN,31.9,32.55,31.76,32.38,3253493
2023-07-03,SOCK,74.57,74.7,73.95,74.0,2835883
2023-07-03,YARN,32.38,33.59,32.12,33.4,1340167
2023-07-04,SOCK,74.0,77.5,73.45,75.7,1839348
2023-07-04,YARN,33.4,33.89,31.84,32.9,4461673
2023-07-05,SOCK,75.7,76.61,75.52,76.12,3325889
2023-07-05,YARN,32.9,34.15,32.32,32.52,3479476
2023-07-06,SOCK,76.12,78.06,75.73,77.33,4280868
2023-07-06,YARN,32.52,32.82,32.23,32.66,2188154
2023-07-07,SOCK,77.33,78.94,77.05,77.14,3813348
2023-07-07,YARN,32.66,33.75,30.96,31.46,2922928
2023-07-10,SOCK,77.14,79.21,76.96,77.57,1014361
2023-07-10,YARN,31.46,31.78,30.46,30.99,1111366
2023-07-11,SOCK,77.57,78.49,77.52,77.64,2207804
2023-07-11,YARN,30.99,32.88,30.34,32.61,2789379
2023-07-12,SOCK,77.64,79.15,77.04,78.59,1006965
2023-07-12,YARN,32.61,34.23,32.16,33.85,2665507
2023-07-13,SOCK,78.59,81.4,77.09,81.4,1480165
2023-07-13,YARN,33.85,35.48,33.73,34.82,2585372
2023-07-14,SOCK,81.4,84.34,80.85,83.75,2488887
2023-07-14,YARN,34.82,35.55,34.32,35.33,1449087
2023-07-17,SOCK,83.75,86.15,81.1,82.99,3356706
2023-07-17,YARN,35.33,35.59,34.18,34.48,1379858
2023-07-18,SOCK,82.99,83.67,81.88,81.92,1406839
2023-07-18,YARN,34.48,34.56,33.07,33.72,1906217
2023-07-19,SOCK,81.92,82.82,81.34,82.48,4742359
2023-07-19,YARN,33.72,34.03,33.61,33.81,3052737
2023-07-20,SOCK,82.48,83.18,81.94,82.53,2493397
2023-07-20,YARN,33.81,33.92,33.3,33.46,2758109
2023-07-21,SOCK,82.53,84.18,82.04,82.51,4247849
2023-07-21,YARN,33.46,34.1,32.98,33.68,3858420
2023-07-24,SOCK,82.51,83.85,79.13,80.07,3878290
2023-07-24,YARN,33.68,33.96,32.88,33.71,1408372
2023-07-25,SOCK,80.07,81.31,78.99,79.39,2803441
2023-07-25,YARN,33.71,33.96,33.18,33.62,1685020
2023-07-26,SOCK,79.39,80.61,79.33,79.47,4707108
2023-07-26,YARN,33.62,35.06,33.58,34.89,4104655
2023-07-27,SOCK,79.47,80.64,78.83,80.01,2374651
2023-07-27,YARN,34.89,35.25,34.2,34.33,2489387
2023-07-28,SOCK,80.01,81.26,78.67,79.28,3623981
2023-07-28,YARN,34.33,35.79,34.23,35.72,3829705
2023-07-31,SOCK,79.28,79.6,78.19,79.15,2577471
2023-07-31,YARN,35.72,37.64,35.22,36.61,3484681
2023-08-01,SOCK,79.15,80.07,78.7,79.66,2988303
2023-08-01,YARN,36.61,38.12,35.64,37.6,1672020
2023-08-02,SOCK,79.66,83.39,77.96,83.05,4985900
2023-08-02,YARN,37.6,37.61,35.97,36.47,4054473
2023-08-03,SOCK,83.05,83.19,82.11,82.24,2367820
2023-08-03,YARN,36.47,37.4,35.24,35.61,3948997
2023-08-04,SOCK,82.24,83.47,81.91,82.96,2033430
2023-08-04,YARN,35.61,37.17,35.34,36.34,1174015
2023-08-07,SOCK,82.96,83.69,79.86,79.87,2655534
2023-08-07,YARN,36.34,36.49,35.02,35.95,1451877
2023-08-08,SOCK,79.87,80.63,78.15,78.27,2352812
2023-08-08,YARN,35.95,36.67,35.01,35.37,2018409
2023-08-09,SOCK,78.27,79.72,77.87,79.48,3013582
2023-08-09,YARN,35.37,36.33,35.0,35.78,1454304
2023-08-10,SOCK,79.48,80.57,78.21,79.36,1863852
2023-08-10,YARN,35.78,36.04,34.55,34.58,4202771
2023-08-11,SOCK,79.36,79.96,78.56,79.25,4815774
2023-08-11,YARN,34.58,35.73,34.39,35.11,2523283
2023-08-14,SOCK,79.25,81.26,77.94,80.31,1087242
2023-08-14,YARN,35.11,37.37,34.27,36.68,3153734
2023-08-15,SOCK,80.31,83.1,79.59,82.84,3348705
2023-08-15,YARN,36.68,37.6,35.86,35.94,2369472
2023-08-16,SOCK,82.84,83.66,81.74,81.74,4707309
2023-08-16,YARN,35.94,36.31,35.38,35.89,4492235
2023-08-17,SOCK,81.74,84.72,81.13,83.26,1436183
2023-08-17,YARN,35.89,36.13,35.48,35.99,3718048
2023-08-18,SOCK,83.26,83.83,82.26,83.09,3728300
2023-08-18,YARN,35.99,38.32,35.61,37.81,1633134
2023-08-21,SOCK,83.09,86.12,82.24,85.62,2829300
2023-08-21,YARN,37.81,38.94,37.27,38.46,1303534
2023-08-22,SOCK,85.62,85.85,83.27,83.35,4129194
2023-08-22,YARN,38.46,38.65,36.99,37.33,4575938
2023-08-23,SOCK,83.35,85.68,82.91,83.81,1511867
2023-08-23,YARN,37.33,37.42,36.8,37.06,2871039
2023-08-24,SOCK,83.81,83.82,81.55,82.73,3794327
2023-08-24,YARN,37.06,38.48,36.8,37.98,2414729
2023-08-25,SOCK,82.73,83.46,81.65,83.26,2552327
2023-08-25,YARN,37.98,39.52,37.93,39.49,2837630
2023-08-28,SOCK,83.26,83.44,81.86,82.97,1041846
2023-08-28,YARN,39.49,39.89,39.47,39.71,1583314
2023-08-29,SOCK,82.97,83.84,81.29,82.43,4535096
2023-08-29,YARN,39.71,40.12,39.16,39.26,2048270
2023-08-30,SOCK,82.43,83.03,81.79,81.88,1988233
2023-08-30,YARN,39.26,41.32,38.96,40.64,4827842
2023-08-31,SOCK,81.88,84.73,81.82,84.41,2993240
2023-08-31,YARN,40.64,40.98,39.67,40.97,4489530
2023-09-01,SOCK,84.41,85.19,83.62,84.79,2029024
2023-09-01,YARN,40.97,41.1,39.35,40.19,3538493
2023-09-04,SOCK,84.79,86.47,82.89,82.92,2352206
2023-09-04,YARN,40.19,40.57,39.22,39.56,4754574
2023-09-05,SOCK,82.92,84.52,82.32,83.41,1792318
2023-09-05,YARN,39.56,39.77,36.83,37.26,4053328
2023-09-06,SOCK,83.41,85.57,82.84,84.25,4879434
2023-09-06,YARN,37.26,37.92,36.84,37.18,3202960
2023-09-07,SOCK,84.25,84.86,82.81,84.27,1923235
2023-09-07,YARN,37.18,37.34,36.3,36.41,2348865
2023-09-08,SOCK,84.27,86.24,83.69,84.83,2983058
2023-09-08,YARN,36.41,37.87,34.47,34.97,1973688
2023-09-11,SOCK,84.83,89.14,84.27,88.89,2668116
2023-09-11,YARN,34.97,35.14,34.48,35.09,1542480
2023-09-12,SOCK,88.89,90.76,86.22,86.75,1851796
2023-09-12,YARN,35.09,37.28,34.54,37.23,3274907
2023-09-13,SOCK,86.75,88.66,86.67,88.18,1207362
2023-09-13,YARN,37.23,37.7,36.9,37.58,1265301
2023-09-14,SOCK,88.18,90.2,86.71,89.87,3930895
2023-09-14,YARN,37.58,38.04,37.18,37.28,4749718
2023-09-15,SOCK,89.87,91.95,87.67,87.7,2316971
2023-09-15,YARN,37.28,37.96,34.87,35.89,3333377
2023-09-18,SOCK,87.7,91.3,87.69,89.37,3657719
2023-09-18,YARN,35.89,36.66,34.5,36.49,2427906
2023-09-19,SOCK,89.37,90.0,88.38,88.97,2326789
2023-09-19,YARN,36.49,36.58,34.38,34.93,4473229
2023-09-20,SOCK,88.97,89.15,88.82,89.09,4822059
2023-09-20,YARN,34.93,36.29,34.59,36.03,2030156
2023-09-21,SOCK,89.09,92.44,87.48,90.77,1829609
2023-09-21,YARN,36.03,36.35,35.48,35.53,2072204
2023-09-22,SOCK,90.77,92.09,88.32,88.73,1197029
2023-09-22,YARN,35.53,35.89,35.04,35.32,3411608
2023-09-25,SOCK,88.73,89.58,86.95,87.09,4678025
2023-09-25,YARN,35.32,36.26,34.74,35.75,1786843
2023-09-26,SOCK,87.09,88.5,86.92,87.72,2643207
2023-09-26,YARN,35.75,37.12,35.3,35.48,4237880
2023-09-27,SOCK,87.72,88.29,86.13,87.51,1162597
2023-09-27,YARN,35.48,35.82,34.89,35.23,1546661
2023-09-28,SOCK,87.51,88.25,86.92,88.18,3989147
2023-09-28,YARN,35.23,36.35,34.69,35.73,4691551
2023-09-29,SOCK,88.18,88.82,87.1,87.58,2089258
2023-09-29,YARN,35.73,35.84,34.21,34.66,3997297
2023-10-02,SOCK,87.58,90.3,87.47,89.97,2265934
2023-10-02,YARN,34.66,35.08,33.84,34.04,1229792
2023-10-03,SOCK,89.97,92.89,89.89,92.87,4022609
2023-10-03,YARN,34.04,34.17,33.13,33.21,3505244
2023-10-04,SOCK,92.87,95.88,92.68,95.21,1935465
2023-10-04,YARN,33.21,33.71,32.32,32.62,2853512
2023-10-05,SOCK,95.21,97.57,94.75,95.12,4815642
2023-10-05,YARN,32.62,33.73,32.1,32.19,3256557
2023-10-06,SOCK,95.12,95.59,93.09,94.08,4712397
2023-10-06,YARN,32.19,32.54,31.61,32.53,2316664
2023-10-09,SOCK,94.08,95.77,92.53,95.07,3953952
2023-10-09,YARN,32.53,32.76,31.35,31.51,1570632
2023-10-10,SOCK,95.07,98.07,94.41,96.57,2278195
2023-10-10,YARN,31.51,31.76,31.31,31.56,3154643
2023-10-11,SOCK,96.57,97.66,94.29,95.56,1316059
2023-10-11,YARN,31.56,32.07,30.34,30.65,3629437
2023-10-12,SOCK,95.56,98.18,95.55,96.65,1135454
2023-10-12,YARN,30.65,30.9,29.97,29.99,3845713
2023-10-13,SOCK,96.65,98.24,96.38,97.42,4921023
2023-10-13,YARN,29.99,30.06,28.55,29.31,2237011
2023-10-16,SOCK,97.42,103.8,97.38,101.78,1385690
2023-10-16,YARN,29.31,30.87,28.97,29.65,3093289
2023-10-17,SOCK,101.78,104.31,101.77,102.69,2787852
2023-10-17,YARN,29.65,30.09,29.57,29.87,1036161
2023-10-18,SOCK,102.69,104.03,101.57,102.96,3991908
2023-10-18,YARN,29.87,29.97,28.52,28.58,4958100
2023-10-19,SOCK,102.96,103.84,99.69,100.91,1484658
2023-10-19,YARN,28.58,28.68,27.09,27.78,1359648
2023-10-20,SOCK,100.91,102.6,100.02,101.88,3952269
2023-10-20,YARN,27.78,28.27,27.33,28.23,3220991
2023-10-23,SOCK,101.88,102.12,100.42,101.14,1981361
2023-10-23,YARN,28.23,29.03,27.32,28.6,2462437
2023-10-24,SOCK,101.14,105.36,100.35,103.6,2584278
2023-10-24,YARN,28.6,29.15,28.53,28.93,1648319
2023-10-25,SOCK,103.6,104.83,102.73,102.79,1925523
2023-10-25,YARN,28.93,29.67,26.85,26.98,1970341
2023-10-26,SOCK,102.79,105.34,102.31,103.93,2899051
2023-10-26,YARN,26.98,27.99,26.74,27.93,4202137
2023-10-27,SOCK,103.93,104.77,102.12,103.93,4657502
2023-10-27,YARN,27.93,28.29,27.27,27.36,4614002
2023-10-30,SOCK,103.93,105.89,103.44,105.67,4891860
2023-10-30,YARN,27.36,28.84,26.81,28.4,2607414
2023-10-31,SOCK,105.67,108.8,104.46,106.67,2488947
2023-10-31,YARN,28.4,29.0,28.29,28.9,3256804
2023-11-01,SOCK,106.67,109.17,106.55,108.29,4782808
2023-11-01,YARN,28.9,29.42,26.72,27.26,1896331
2023-11-02,SOCK,108.29,113.29,107.39,112.1,3479791
2023-11-02,YARN,27.26,27.27,26.56,26.88,2735177
2023-11-03,SOCK,112.1,113.66,111.62,112.6,2019654
2023-11-03,YARN,26.88,27.22,26.85,26.95,2193841
2023-11-06,SOCK,112.6,115.19,111.65,113.85,1813767
2023-11-06,YARN,26.95,27.23,25.79,25.79,3278093
2023-11-07,SOCK,113.85,116.01,113.53,115.94,2248782
2023-11-07,YARN,25.79,27.32,25.59,26.65,4006158
2023-11-08,SOCK,115.94,116.54,112.72,114.67,3192179
2023-11-08,YARN,26.65,26.8,25.91,26.2,2326112
2023-11-09,SOCK,114.67,115.93,113.53,115.72,3556727
2023-11-09,YARN,26.2,26.27,24.26,24.55,3390368
2023-11-10,SOCK,115.72,118.17,115.35,117.58,3781623
2023-11-10,YARN,24.55,25.99,24.41,25.51,4531432
2023-11-13,SOCK,117.58,118.09,115.01,116.03,2249447
2023-11-13,YARN,25.51,26.69,25.08,25.91,4453392
2023-11-14,SOCK,116.03,122.51,115.59,121.47,2665781
2023-11-14,YARN,25.91,27.29,25.2,26.95,4979292
2023-11-15,SOCK,121.47,130.16,120.94,126.93,3912126
2023-11-15,YARN,26.95,27.04,26.07,26.91,1037702
2023-11-16,SOCK,126.93,128.32,126.8,128.28,4606522
2023-11-16,YARN,26.91,28.53,26.79,28.32,3944063
2023-11-17,SOCK,128.28,129.38,122.0,124.14,2843624
2023-11-17,YARN,28.32,28.9,28.25,28.75,2358159
2023-11-20,SOCK,124.14,127.19,123.96,127.07,3206191
2023-11-20,YARN,28.75,29.35,28.08,28.41,4527805
2023-11-21,SOCK,127.07,129.23,122.15,123.61,2483374
2023-11-21,YARN,28.41,28.65,28.34,28.64,3757832
2023-11-22,SOCK,123.61,126.22,123.59,125.52,2133180
2023-11-22,YARN,28.64,30.68,28.52,30.16,1926514
2023-11-23,SOCK,125.52,125.9,118.84,119.92,4219254
2023-11-23,YARN,30.16,30.25,28.42,29.78,2265961
2023-11-24,SOCK,119.92,122.54,119.76,121.75,1506601
2023-11-24,YARN,29.78,30.29,29.62,30.13,2949420
2023-11-27,SOCK,121.75,129.26,121.35,128.04,4704671
2023-11-27,YARN,30.13,31.13,29.83,30.76,1591743
2023-11-28,SOCK,128.04,130.32,126.24,128.21,3481371
2023-11-28,YARN,30.76,32.08,30.22,32.03,1449452
2023-11-29,SOCK,128.21,129.65,128.0,128.97,2617938
2023-11-29,YARN,32.03,32.48,30.98,31.36,1860549
2023-11-30,SOCK,128.97,130.35,125.3,127.26,1731862
2023-11-30,YARN,31.36,32.31,30.74,30.94,3925593
2023-12-01,SOCK,127.26,129.12,126.02,127.85,1492226
2023-12-01,YARN,30.94,31.22,30.84,30.86,1172770
2023-12-04,SOCK,127.85,127.89,125.6,127.65,4589180
2023-12-04,YARN,30.86,31.69,30.83,31.22,3226479
2023-12-05,SOCK,127.65,131.33,127.63,130.9,4352817
2023-12-05,YARN,31.22,31.27,30.88,31.13,3175878
2023-12-06,SOCK,130.9,132.2,129.06,130.25,3200207
2023-12-06,YARN,31.13,31.81,29.67,29.88,4929445
2023-12-07,SOCK,130.25,131.04,127.28,128.77,2702959
2023-12-07,YARN,29.88,31.41,29.56,30.89,2676596
2023-12-08,SOCK,128.77,131.25,127.59,130.49,2753410
2023-12-08,YARN,30.89,31.83,30.81,31.38,2541659
2023-12-11,SOCK,130.49,134.42,129.53,134.15,4054260
2023-12-11,YARN,31.38,31.52,30.89,30.94,3431319
2023-12-12,SOCK,134.15,134.64,132.69,134.36,1718276
2023-12-12,YARN,30.94,31.26,30.78,30.95,3443630
2023-12-13,SOCK,134.36,134.47,132.2,133.18,1366852
2023-12-13,YARN,30.95,31.19,30.39,30.46,4372229
2023-12-14,SOCK,133.18,136.81,132.61,135.3,1163067
2023-12-14,YARN,30.46,31.11,29.48,30.9,1198040
2023-12-15,SOCK,135.3,135.72,134.41,134.65,3045926
2023-12-15,YARN,30.9,31.28,30.27,30.62,2262464
2023-12-18,SOCK,134.65,136.15,129.57,130.08,2511450
2023-12-18,YARN,30.62,30.64,29.7,29.7,3984825
2023-12-19,SOCK,130.08,131.72,127.38,131.5,3928337
2023-12-19,YARN,29.7,30.79,28.5,30.35,1937738
2023-12-20,SOCK,131.5,131.85,123.98,124.73,4926912
2023-12-20,YARN,30.35,30.87,28.23,28.74,2515342
2023-12-21,SOCK,124.73,124.89,117.95,118.56,4153526
2023-12-21,YARN,28.74,29.16,27.96,28.55,3708811
2023-12-22,SOCK,118.56,118.96,117.73,117.91,2403589
2023-12-22,YARN,28.55,28.81,27.82,28.36,3172270
2023-12-25,SOCK,117.91,118.73,117.16,118.04,4262506
2023-12-25,YARN,28.36,29.14,28.27,28.56,2893106
2023-12-26,SOCK,118.04,118.9,115.88,116.96,4679631
2023-12-26,YARN,28.56,30.53,28.05,30.43,2906472
2023-12-27,SOCK,116.96,118.39,115.94,117.51,1147332
2023-12-27,YARN,30.43,30.78,29.93,30.53,3095726
2023-12-28,SOCK,117.51,117.8,116.87,117.5,4745615
2023-12-28,YARN,30.53,31.36,29.9,30.04,1954568
2023-12-29,SOCK,117.5,119.76,114.45,115.44,1460314
2023-12-29,YARN,30.04,31.59,29.42,30.83,4309775
2024-01-01,SOCK,115.44,120.7,115.12,119.04,2439116
2024-01-01,YARN,30.83,31.9,30.26,31.16,1173036
2024-01-02,SOCK,119.04,122.33,116.88,121.22,1418435
2024-01-02,YARN,31.16,31.76,29.78,29.87,1615377
2024-01-03,SOCK,121.22,122.93,118.8,118.88,2577025
2024-01-03,YARN,29.87,29.87,29.25,29.46,2426586
2024-01-04,SOCK,118.88,120.39,117.32,119.5,2441005
2024-01-04,YARN,29.46,30.33,29.28,29.82,2582193
2024-01-05,SOCK,119.5,119.62,118.1,119.38,1707024
2024-01-05,YARN,29.82,30.63,29.81,29.94,2797258
2024-01-08,SOCK,119.38,119.8,118.99,119.42,3556951
2024-01-08,YARN,29.94,30.05,28.34,28.35,3720719
2024-01-09,SOCK,119.42,121.0,117.69,117.84,3654794
2024-01-09,YARN,28.35,28.7,27.5,27.87,1950517
2024-01-10,SOCK,117.84,117.92,117.19,117.86,3464208
2024-01-10,YARN,27.87,28.15,27.3,27.35,1803411
2024-01-11,SOCK,117.86,119.5,117.27,118.21,4582169
2024-01-11,YARN,27.35,27.59,27.29,27.46,1713717
2024-01-12,SOCK,118.21,120.06,118.07,119.43,1010461
2024-01-12,YARN,27.46,27.79,27.2,27.34,4336565
2024-01-15,SOCK,119.43,119.78,118.64,119.08,2428606
2024-01-15,YARN,27.34,28.39,27.02,27.89,4435563
2024-01-16,SOCK,119.08,121.23,118.4,119.66,3495718
2024-01-16,YARN,27.89,28.58,27.74,28.16,2486475
2024-01-17,SOCK,119.66,120.3,118.78,118.88,4746363
2024-01-17,YARN,28.16,28.6,26.91,27.03,2468697
2024-01-18,SOCK,118.88,119.68,117.48,119.0,4485142
2024-01-18,YARN,27.03,27.36,26.39,26.88,4243305
2024-01-19,SOCK,119.0,121.24,117.82,121.0,2056959
2024-01-19,YARN,26.88,27.77,26.56,27.52,3314803
2024-01-22,SOCK,121.0,124.67,119.96,124.54,3582416
2024-01-22,YARN,27.52,28.13,26.88,28.01,2489423
2024-01-23,SOCK,124.54,127.29,122.73,123.73,3934089
2024-01-23,YARN,28.01,28.2,27.45,27.78,1283119
2024-01-24,SOCK,123.73,126.54,122.27,123.86,2623954
2024-01-24,YARN,27.78,28.22,27.29,27.81,4605253
2024-01-25,SOCK,123.86,124.8,123.43,124.76,4115488
2024-01-25,YARN,27.81,27.82,27.57,27.66,3371106
2024-01-26,SOCK,124.76,128.11,124.12,127.99,1798073
2024-01-26,YARN,27.66,27.77,26.55,26.77,2894409
2024-01-29,SOCK,127.99,129.17,126.6,127.55,3566279
2024-01-29,YARN,26.77,27.1,25.8,26.07,2965080
2024-01-30,SOCK,127.55,128.97,127.16,128.24,1193963
2024-01-30,YARN,26.07,26.12,24.33,24.62,2606710
2024-01-31,SOCK,128.24,132.08,126.8,130.33,3861594
2024-01-31,YARN,24.62,25.16,23.42,23.56,3215399
2024-02-01,SOCK,130.33,135.54,130.29,135.44,3967019
2024-02-01,YARN,23.56,24.32,23.38,23.71,1308547
2024-02-02,SOCK,135.44,136.36,132.21,132.49,1421126
2024-02-02,YARN,23.71,24.12,23.56,24.05,1353000
2024-02-05,SOCK,132.49,133.02,131.36,132.65,3780436
2024-02-05,YARN,24.05,24.54,23.54,24.08,3844238
2024-02-06,SOCK,132.65,137.74,130.92,136.52,2063950
2024-02-06,YARN,24.08,24.58,24.07,24.45,3764059
2024-02-07,SOCK,136.52,137.01,133.46,133.85,2061184
2024-02-07,YARN,24.45,24.69,22.96,23.61,4487730
2024-02-08,SOCK,133.85,136.03,128.13,130.77,1867982
2024-02-08,YARN,23.61,23.81,23.35,23.6,3072876
2024-02-09,SOCK,130.77,131.34,130.7,131.18,3975514
2024-02-09,YARN,23.6,25.77,23.56,25.73,2252162
2024-02-12,SOCK,131.18,135.25,130.44,133.18,2307485
2024-02-12,YARN,25.73,26.35,24.96,26.33,3222774
2024-02-13,SOCK,133.18,135.82,132.98,134.99,3522784
2024-02-13,YARN,26.33,26.35,25.2,25.51,4467100
2024-02-14,SOCK,134.99,141.69,133.12,140.95,4916053
2024-02-14,YARN,25.51,25.96,24.79,25.72,2028338
2024-02-15,SOCK,140.95,141.47,134.88,135.74,2748856
2024-02-15,YARN,25.72,25.92,25.36,25.8,2856898
2024-02-16,SOCK,135.74,136.02,129.07,130.75,2231003
2024-02-16,YARN,25.8,26.31,25.6,25.63,2462912
2024-02-19,SOCK,130.75,133.48,128.21,131.69,1578379
2024-02-19,YARN,25.63,26.05,25.2,25.8,1204641
2024-02-20,SOCK,131.69,135.12,131.59,134.49,4715795
2024-02-20,YARN,25.8,25.99,24.9,25.33,2635714
2024-02-21,SOCK,134.49,135.11,133.35,133.74,3770500
2024-02-21,YARN,25.33,25.46,24.62,24.72,2166137
2024-02-22,SOCK,133.74,135.34,132.2,133.96,3947141
2024-02-22,YARN,24.72,26.2,24.07,26.03,3368368
2024-02-23,SOCK,133.96,138.05,132.34,137.32,4278253
2024-02-23,YARN,26.03,26.29,23.58,24.28,1230865
2024-02-26,SOCK,137.32,141.64,137.0,141.23,4471169
2024-02-26,YARN,24.28,25.28,24.07,24.79,1195852
2024-02-27,SOCK,141.23,148.96,140.48,147.15,1447878
2024-02-27,YARN,24.79,25.1,24.6,24.99,4689593
2024-02-28,SOCK,147.15,151.29,146.54,148.48,4248076
2024-02-28,YARN,24.99,25.61,24.47,24.72,2992867
2024-02-29,SOCK,148.48,150.55,144.07,144.88,1399508
2024-02-29,YARN,24.72,25.22,24.15,24.22,4353211
2024-03-01,SOCK,144.88,146.87,141.82,143.21,1819973
2024-03-01,YARN,24.22,25.21,23.57,24.7,1827630
2024-03-04,SOCK,143.21,144.58,140.95,142.03,2130372
2024-03-04,YARN,24.7,25.07,24.51,24.97,2658764
2024-03-05,SOCK,142.03,142.7,140.71,142.41,2283312
2024-03-05,YARN,24.97,25.13,22.96,23.18,4623513
2024-03-06,SOCK,142.41,146.16,141.23,145.78,1123925
2024-03-06,YARN,23.18,23.37,22.53,23.03,1167026
2024-03-07,SOCK,145.78,147.11,141.82,142.61,4092103
2024-03-07,YARN,23.03,23.55,22.78,23.4,1930670
2024-03-08,SOCK,142.61,144.44,139.2,140.15,4448957
2024-03-08,YARN,23.4,23.56,22.69,22.87,4647614
2024-03-11,SOCK,140.15,142.34,138.38,139.78,1681485
2024-03-11,YARN,22.87,23.17,22.15,22.73,1607591
2024-03-12,SOCK,139.78,141.74,139.48,141.74,1017446
2024-03-12,YARN,22.73,24.25,22.66,23.32,2519898
2024-03-13,SOCK,141.74,143.38,133.93,134.02,4187087
2024-03-13,YARN,23.32,23.59,23.13,23.44,3182878
2024-03-14,SOCK,134.02,136.8,132.57,135.35,2042300
2024-03-14,YARN,23.44,24.32,23.39,24.09,3715627
2024-03-15,SOCK,135.35,140.69,134.97,139.62,1858857
2024-03-15,YARN,24.09,24.61,22.91,23.34,1488508
2024-03-18,SOCK,139.62,141.18,137.16,138.68,1323530
2024-03-18,YARN,23.34,26.0,22.94,25.41,2163034
2024-03-19,SOCK,138.68,141.79,136.6,141.28,4147732
2024-03-19,YARN,25.41,25.78,24.56,25.07,2986201
2024-03-20,SOCK,141.28,142.23,138.39,139.52,4561629
2024-03-20,YARN,25.07,25.45,24.32,25.38,3391107
2024-03-21,SOCK,139.52,143.77,138.02,141.23,1100696
2024-03-21,YARN,25.38,25.69,25.34,25.53,1558831
2024-03-22,SOCK,141.23,142.99,139.88,141.92,2517220
2024-03-22,YARN,25.53,26.33,25.16,25.32,4698427
2024-03-25,SOCK,141.92,142.69,139.38,140.06,2843632
2024-03-25,YARN,25.32,25.82,24.77,24.87,4869418
2024-03-26,SOCK,140.06,140.52,135.5,135.54,2393941
2024-03-26,YARN,24.87,25.62,23.81,23.88,2332540
2024-03-27,SOCK,135.54,135.9,131.03,131.71,4372424
2024-03-27,YARN,23.88,24.13,23.61,23.69,3969408
2024-03-28,SOCK,131.71,133.56,128.84,129.52,4093740
2024-03-28,YARN,23.69,24.81,23.65,24.24,3236700
2024-03-29,SOCK,129.52,132.63,129.2,132.03,2848071
2024-03-29,YARN,24.24,24.89,23.98,24.5,4151956
2024-04-01,SOCK,132.03,134.22,131.63,133.57,3812664
2024-04-01,YARN,24.5,24.74,23.41,23.83,1388907
2024-04-02,SOCK,133.57,136.2,132.93,135.76,1623942
2024-04-02,YARN,23.83,24.14,23.68,24.02,3311961
2024-04-03,SOCK,135.76,137.09,134.97,135.88,2312300
2024-04-03,YARN,24.02,24.3,23.49,23.6,1678790
2024-04-04,SOCK,135.88,137.26,132.31,135.74,3914929
2024-04-04,YARN,23.6,23.9,23.13,23.25,4369184
2024-04-05,SOCK,135.74,143.56,134.67,141.4,4935331
2024-04-05,YARN,23.25,24.1,23.15,23.81,4516246
2024-04-08,SOCK,141.4,143.79,139.19,143.14,2739692
2024-04-08,YARN,23.81,24.38,23.53,24.07,3143946
2024-04-09,SOCK,143.14,146.53,142.38,144.58,2553364
2024-04-09,YARN,24.07,24.95,23.84,24.67,3027132
2024-04-10,SOCK,144.58,147.33,144.28,145.89,4164017
2024-04-10,YARN,24.67,25.64,24.49,25.47,2614873
2024-04-11,SOCK,145.89,147.51,143.7,144.79,1567250
2024-04-11,YARN,25.47,25.78,25.42,25.59,3007185
2024-04-12,SOCK,144.79,145.96,141.6,142.48,3963783
2024-04-12,YARN,25.59,27.2,25.54,27.14,4773249
2024-04-15,SOCK,142.48,145.94,140.37,145.1,2684619
2024-04-15,YARN,27.14,27.19,25.18,25.71,1917047
2024-04-16,SOCK,145.1,145.41,140.76,143.03,4520308
2024-04-16,YARN,25.71,25.71,24.99,25.21,2056696
2024-04-17,SOCK,143.03,145.98,141.73,143.78,3566155
2024-04-17,YARN,25.21,26.03,24.9,25.96,4562019
2024-04-18,SOCK,143.78,144.97,140.05,140.39,3513107
2024-04-18,YARN,25.96,26.4,25.63,25.89,1935671
2024-04-19,SOCK,140.39,143.73,139.95,142.87,3518458
2024-04-19,YARN,25.89,26.27,24.74,24.77,1983001
2024-04-22,SOCK,142.87,142.87,137.08,138.53,2820777
2024-04-22,YARN,24.77,25.63,23.91,24.52,1164890
2024-04-23,SOCK,138.53,139.52,135.14,136.56,1732248
2024-04-23,YARN,24.52,24.9,23.56,23.69,4242203
2024-04-24,SOCK,136.56,137.9,129.15,131.03,2554833
2024-04-24,YARN,23.69,24.47,22.91,23.1,1043063
2024-04-25,SOCK,131.03,131.25,122.51,124.02,1643370
2024-04-25,YARN,23.1,23.9,22.98,23.77,1979351
2024-04-26,SOCK,124.02,125.42,121.13,124.83,3076879
2024-04-26,YARN,23.77,24.0,23.23,23.94,1604937
2024-04-29,SOCK,124.83,128.52,122.91,127.53,3048764
2024-04-29,YARN,23.94,24.11,23.65,23.73,2324242
2024-04-30,SOCK,127.53,129.07,124.75,126.57,3086753
2024-04-30,YARN,23.73,25.44,23.54,24.21,4166355
2024-05-01,SOCK,126.57,128.22,120.99,121.44,2569972
2024-05-01,YARN,24.21,24.26,23.23,23.37,4005844
2024-05-02,SOCK,121.44,125.14,120.83,125.09,4937873
2024-05-02,YARN,23.37,23.52,21.7,21.86,3500622
2024-05-03,SOCK,125.09,125.43,124.45,124.64,1053233
2024-05-03,YARN,21.86,23.01,21.43,22.52,2396797
2024-05-06,SOCK,124.64,128.36,124.0,127.2,3793010
2024-05-06,YARN,22.52,23.59,21.77,23.12,3690873
2024-05-07,SOCK,127.2,128.0,125.75,126.09,4759725
2024-05-07,YARN,23.12,23.3,22.72,23.11,4619137
2024-05-08,SOCK,126.09,131.16,125.94,130.26,4205949
2024-05-08,YARN,23.11,23.13,21.06,21.68,4208674
2024-05-09,SOCK,130.26,130.82,127.4,128.93,4238289
2024-05-09,YARN,21.68,21.86,20.84,21.1,4483296
2024-05-10,SOCK,128.93,133.24,127.85,132.25,3248215
2024-05-10,YARN,21.1,21.34,19.38,20.11,3126684
2024-05-13,SOCK,132.25,136.75,131.11,133.36,4274956
2024-05-13,YARN,20.11,20.45,19.59,20.4,2008017
2024-05-14,SOCK,133.36,137.09,131.99,136.47,2177369
2024-05-14,YARN,20.4,20.52,20.0,20.19,1792054
2024-05-15,SOCK,136.47,136.68,134.57,135.21,4402678
2024-05-15,YARN,20.19,20.25,19.12,19.77,3741305
2024-05-16,SOCK,135.21,135.35,131.81,133.1,2014196
2024-05-16,YARN,19.77,19.9,19.48,19.83,4135366
2024-05-17,SOCK,133.1,133.48,129.55,131.65,2124846
2024-05-17,YARN,19.83,20.52,19.31,20.08,2624963
2024-05-20,SOCK,131.65,131.84,130.54,131.8,2918200
2024-05-20,YARN,20.08,20.45,19.45,19.68,4345028
2024-05-21,SOCK,131.8,132.62,127.84,128.5,4714904
2024-05-21,YARN,19.68,20.01,18.99,19.26,1017981
2024-05-22,SOCK,128.5,128.77,126.18,126.52,4311599
2024-05-22,YARN,19.26,19.31,18.38,18.38,1442388
2024-05-23,SOCK,126.52,131.55,125.01,130.28,3532649
2024-05-23,YARN,18.38,18.88,18.14,18.61,2341669
2024-05-24,SOCK,130.28,134.35,130.26,134.15,4807074
2024-05-24,YARN,18.61,18.67,17.98,18.23,4378149
2024-05-27,SOCK,134.15,134.99,132.5,133.1,1934565
2024-05-27,YARN,18.23,18.39,17.72,17.9,3804706
2024-05-28,SOCK,133.1,134.26,131.89,134.06,1610687
2024-05-28,YARN,17.9,18.51,17.76,18.13,4228526
2024-05-29,SOCK,134.06,139.43,132.66,138.05,3433468
2024-05-29,YARN,18.13,19.03,17.64,18.73,1736424
2024-05-30,SOCK,138.05,143.61,136.04,143.19,4575650
2024-05-30,YARN,18.73,19.1,18.03,19.01,2449494
2024-05-31,SOCK,143.19,147.26,142.48,144.57,3123181
2024-05-31,YARN,19.01,19.8,18.54,19.2,2577420
2024-06-03,SOCK,144.57,148.94,143.02,148.86,4530729
2024-06-03,YARN,19.2,19.92,18.43,18.43,3027015
2024-06-04,SOCK,148.86,149.26,146.67,146.75,2972306
2024-06-04,YARN,18.43,18.8,18.35,18.79,3108773
2024-06-05,SOCK,146.75,150.0,146.16,148.44,1577683
2024-06-05,YARN,18.79,18.97,18.5,18.5,4780019
2024-06-06,SOCK,148.44,148.54,142.25,145.05,1026427
2024-06-06,YARN,18.5,18.64,17.53,17.53,1403628
2024-06-07,SOCK,145.05,145.93,142.36,143.72,3250275
2024-06-07,YARN,17.53,18.54,17.36,18.03,3055467
2024-06-10,SOCK,143.72,146.09,139.97,141.01,4842454
2024-06-10,YARN,18.03,18.46,16.84,17.14,1303611
2024-06-11,SOCK,141.01,144.98,140.09,143.17,3544504
2024-06-11,YARN,17.14,17.34,16.49,16.68,4831378
2024-06-12,SOCK,143.17,147.48,141.81,147.12,2321823
2024-06-12,YARN,16.68,16.96,16.04,16.2,3088725
2024-06-13,SOCK,147.12,148.87,140.8,141.0,2938702
2024-06-13,YARN,16.2,16.44,15.39,15.86,2992466
2024-06-14,SOCK,141.0,141.9,140.6,141.67,2354426
2024-06-14,YARN,15.86,16.35,14.61,15.01,3734134
2024-06-17,SOCK,141.67,142.55,136.86,137.87,2898134
2024-06-17,YARN,15.01,15.55,14.92,15.31,4004295
2024-06-18,SOCK,137.87,138.25,132.93,133.28,2689554
2024-06-18,YARN,15.31,16.13,15.31,15.89,2300782
2024-06-19,SOCK,133.28,138.53,132.45,136.12,2171531
2024-06-19,YARN,15.89,16.27,15.32,15.77,4565659
2024-06-20,SOCK,136.12,138.74,135.04,137.5,3025695
2024-06-20,YARN,15.77,16.41,15.7,16.16,2568876
2024-06-21,SOCK,137.5,139.52,137.19,137.53,4167804
2024-06-21,YARN,16.16,16.16,15.74,16.09,2123486
2024-06-24,SOCK,137.53,138.58,135.9,136.45,3539283
2024-06-24,YARN,16.09,16.32,15.85,16.12,4912603
2024-06-25,SOCK,136.45,140.07,136.07,139.98,3890706
2024-06-25,YARN,16.12,16.38,15.64,15.99,3705988
2024-06-26,SOCK,139.98,143.89,138.86,142.71,1024842
2024-06-26,YARN,15.99,16.41,15.0,15.09,2109922
2024-06-27,SOCK,142.71,144.73,139.72,143.54,3434742
2024-06-27,YARN,15.09,15.25,14.18,14.42,4303500
2024-06-28,SOCK,143.54,145.66,139.23,140.86,3466796
2024-06-28,YARN,14.42,14.73,14.26,14.53,4509575
2024-07-01,SOCK,140.86,142.38,137.33,138.86,3385233
2024-07-01,YARN,14.53,15.13,14.23,14.94,1682709
2024-07-02,SOCK,138.86,139.74,137.38,138.14,4050699
2024-07-02,YARN,14.94,15.01,14.82,14.89,4867703
2024-07-03,SOCK,138.14,138.84,135.06,135.57,1147910
2024-07-03,YARN,14.89,15.45,14.85,15.31,2237614
2024-07-04,SOCK,135.57,139.57,134.85,136.58,4290442
2024-07-04,YARN,15.31,15.65,15.2,15.6,1433711
2024-07-05,SOCK,136.58,136.98,132.8,134.49,2032010
2024-07-05,YARN,15.6,16.07,15.37,16.06,2542068
2024-07-08,SOCK,134.49,135.82,133.07,133.66,3567059
2024-07-08,YARN,16.06,16.47,15.91,16.43,2800954
2024-07-09,SOCK,133.66,136.74,133.48,136.32,3270029
2024-07-09,YARN,16.43,17.66,16.13,17.47,4114585
2024-07-10,SOCK,136.32,137.9,135.66,137.73,4674518
2024-07-10,YARN,17.47,17.6,17.34,17.35,3234979
2024-07-11,SOCK,137.73,137.95,134.39,134.47,2548571
2024-07-11,YARN,17.35,17.56,16.4,16.77,2101557
2024-07-12,SOCK,134.47,136.2,127.78,129.24,2649668
2024-07-12,YARN,16.77,17.19,15.85,16.04,3520778
2024-07-15,SOCK,129.24,130.73,127.85,128.96,1849107
2024-07-15,YARN,16.04,16.07,15.56,15.97,1165320
2024-07-16,SOCK,128.96,129.49,127.01,129.3,1486683
2024-07-16,YARN,15.97,16.54,15.63,16.26,2062087
2024-07-17,SOCK,129.3,130.04,129.19,129.5,4478196
2024-07-17,YARN,16.26,17.19,16.17,17.18,3194179
2024-07-18,SOCK,129.5,130.09,129.31,129.91,3934229
2024-07-18,YARN,17.18,17.59,16.78,17.21,1445096
2024-07-19,SOCK,129.91,130.07,127.71,128.09,4096092
2024-07-19,YARN,17.21,17.83,16.86,17.7,4869178
2024-07-22,SOCK,128.09,130.55,126.96,127.03,3514492
2024-07-22,YARN,17.7,18.0,17.12,17.16,4761415
2024-07-23,SOCK,127.03,127.38,124.69,126.04,4729386
2024-07-23,YARN,17.16,17.17,16.42,16.65,2570279
2024-07-24,SOCK,126.04,129.3,125.92,125.95,1058918
2024-07-24,YARN,16.65,17.03,16.45,16.81,3127167
2024-07-25,SOCK,125.95,127.31,123.78,125.66,1318722
2024-07-25,YARN,16.81,18.15,16.76,17.76,4606052
2024-07-26,SOCK,125.66,127.54,122.97,124.21,2945313
2024-07-26,YARN,17.76,18.27,17.51,18.09,3008540
2024-07-29,SOCK,124.21,129.69,123.78,128.55,3299852
2024-07-29,YARN,18.09,18.56,17.76,18.31,3311292
2024-07-30,SOCK,128.55,129.27,123.67,125.04,2453062
2024-07-30,YARN,18.31,18.52,17.65,17.73,4153893
2024-07-31,SOCK,125.04,129.76,123.65,128.65,2671858
2024-07-31,YARN,17.73,18.83,17.6,18.75,3686200
2024-08-01,SOCK,128.65,130.14,123.26,125.32,3267266
2024-08-01,YARN,18.75,19.1,18.26,18.77,3972035
2024-08-02,SOCK,125.32,125.44,123.48,123.91,4895804
2024-08-02,YARN,18.77,18.94,17.7,18.05,4514671
2024-08-05,SOCK,123.91,126.13,121.81,122.64,4909791
2024-08-05,YARN,18.05,18.95,17.95,18.63,2100309
2024-08-06,SOCK,122.64,126.46,121.19,125.62,2234390
2024-08-06,YARN,18.63,18.98,17.75,17.9,4296985
2024-08-07,SOCK,125.62,126.76,119.65,120.96,3407128
2024-08-07,YARN,17.9,18.08,17.83,17.85,3704037
2024-08-08,SOCK,120.96,125.39,119.63,123.6,2133237
2024-08-08,YARN,17.85,18.57,17.77,18.08,2438863
2024-08-09,SOCK,123.6,125.62,122.15,125.61,4263944
2024-08-09,YARN,18.08,18.18,17.9,18.02,1013717
2024-08-12,SOCK,125.61,127.53,125.37,127.25,4332923
2024-08-12,YARN,18.02,18.12,17.51,17.62,2100243
2024-08-13,SOCK,127.25,131.66,126.33,129.26,4404730
2024-08-13,YARN,17.62,18.26,17.17,18.16,1158421
2024-08-14,SOCK,129.26,129.95,126.61,128.43,4654997
2024-08-14,YARN,18.16,18.22,17.71,17.83,1897883
2024-08-15,SOCK,128.43,128.88,125.74,127.89,1801722
2024-08-15,YARN,17.83,18.0,17.33,17.5,1871441
2024-08-16,SOCK,127.89,127.9,123.53,126.46,1936128
2024-08-16,YARN,17.5,18.14,17.32,18.09,4357620
2024-08-19,SOCK,126.46,127.64,122.73,123.55,2018938
2024-08-19,YARN,18.09,18.66,17.63,18.34,1113489
2024-08-20,SOCK,123.55,124.01,121.36,123.99,2838869
2024-08-20,YARN,18.34,18.82,18.33,18.52,1252225
2024-08-21,SOCK,123.99,129.11,123.87,127.89,3318361
2024-08-21,YARN,18.52,18.85,17.68,17.92,3048346
2024-08-22,SOCK,127.89,130.02,124.54,126.13,3087434
2024-08-22,YARN,17.92,18.08,17.54,17.64,4470615
2024-08-23,SOCK,126.13,126.37,122.57,122.87,1722773
2024-08-23,YARN,17.64,18.62,17.42,18.6,4945009
2024-08-26,SOCK,122.87,124.8,121.76,124.44,3257723
2024-08-26,YARN,18.6,18.89,18.35,18.49,1534972
2024-08-27,SOCK,124.44,125.3,121.84,122.06,4988566
2024-08-27,YARN,18.49,18.61,17.61,17.69,2366719
2024-08-28,SOCK,122.06,123.13,121.64,122.72,3530969
2024-08-28,YARN,17.69,17.79,16.88,17.13,2130325
2024-08-29,SOCK,122.72,123.83,121.8,123.13,3077827
2024-08-29,YARN,17.13,17.82,16.85,17.42,1790815
2024-08-30,SOCK,123.13,123.45,121.86,121.9,4961618
2024-08-30,YARN,17.42,17.47,17.2,17.36,2062428
2024-09-02,SOCK,121.9,124.92,121.04,123.85,4116763
2024-09-02,YARN,17.36,17.51,16.21,16.61,4793220
2024-09-03,SOCK,123.85,126.53,121.8,123.14,4068995
2024-09-03,YARN,16.61,16.96,16.29,16.48,3878049
2024-09-04,SOCK,123.14,128.81,123.13,125.87,1803956
2024-09-04,YARN,16.48,16.86,15.99,16.79,3887944
2024-09-05,SOCK,125.87,126.86,125.39,126.64,1203990
2024-09-05,YARN,16.79,17.01,16.65,16.88,2421524
2024-09-06,SOCK,126.64,127.54,119.07,121.92,4639678
2024-09-06,YARN,16.88,17.56,16.66,17.25,1176966
2024-09-09,SOCK,121.92,125.06,121.28,123.53,2589586
2024-09-09,YARN,17.25,17.36,17.01,17.23,4595937
2024-09-10,SOCK,123.53,130.38,123.46,128.16,3562531
2024-09-10,YARN,17.23,17.7,17.13,17.42,1615502
2024-09-11,SOCK,128.16,133.43,127.65,131.54,2572473
2024-09-11,YARN,17.42,17.63,17.13,17.58,4962283
2024-09-12,SOCK,131.54,131.79,126.21,130.15,1886887
2024-09-12,YARN,17.58,18.64,17.09,18.38,1513250
2024-09-13,SOCK,130.15,131.12,128.27,128.51,2408043
2024-09-13,YARN,18.38,18.81,18.15,18.53,3031746
2024-09-16,SOCK,128.51,134.8,128.3,133.15,4145492
2024-09-16,YARN,18.53,18.85,17.93,18.64,3840859
2024-09-17,SOCK,133.15,133.63,130.67,132.52,4941704
2024-09-17,YARN,18.64,19.56,18.38,18.81,2746989
2024-09-18,SOCK,132.52,134.25,132.42,133.99,3707556
2024-09-18,YARN,18.81,19.09,18.55,18.75,1535318
2024-09-19,SOCK,133.99,134.53,126.1,127.73,4031591
2024-09-19,YARN,18.75,18.95,17.74,17.76,3341386
2024-09-20,SOCK,127.73,130.29,127.7,129.59,2925252
2024-09-20,YARN,17.76,17.78,17.48,17.71,2854847
2024-09-23,SOCK,129.59,131.47,128.76,131.0,1572597
2024-09-23,YARN,17.71,18.25,16.75,16.9,3136731
2024-09-24,SOCK,131.0,131.19,130.72,130.9,1144050
2024-09-24,YARN,16.9,17.4,16.52,17.3,2938111
2024-09-25,SOCK,130.9,131.73,128.89,129.29,4735907
2024-09-25,YARN,17.3,17.42,16.42,16.54,1973650
2024-09-26,SOCK,129.29,135.06,128.39,132.99,1387949
2024-09-26,YARN,16.54,17.09,16.28,16.95,1504964
2024-09-27,SOCK,132.99,137.64,131.89,135.3,3513482
2024-09-27,YARN,16.95,17.46,16.69,17.37,3342148
2024-09-30,SOCK,135.3,135.66,132.35,133.03,3512732
2024-09-30,YARN,17.37,17.68,16.75,16.84,3897910
2024-10-01,SOCK,133.03,133.61,129.67,130.39,1226905
2024-10-01,YARN,16.84,17.18,16.74,16.91,2600864
2024-10-02,SOCK,130.39,132.0,128.11,129.72,2065587
2024-10-02,YARN,16.91,17.27,16.52,16.54,3768128
2024-10-03,SOCK,129.72,134.6,129.32,133.94,2084428
2024-10-03,YARN,16.54,17.4,16.52,17.26,4636106
2024-10-04,SOCK,133.94,136.34,133.17,135.31,2272267
2024-10-04,YARN,17.26,17.32,17.06,17.11,1914876
2024-10-07,SOCK,135.31,138.68,134.93,138.12,4914487
2024-10-07,YARN,17.11,19.01,16.83,18.62,4295291
2024-10-08,SOCK,138.12,144.77,137.65,143.7,2909821
2024-10-08,YARN,18.62,18.97,17.9,18.02,4904601
2024-10-09,SOCK,143.7,143.95,140.99,142.06,1806487
2024-10-09,YARN,18.02,18.1,17.94,18.08,1194723
2024-10-10,SOCK,142.06,145.35,133.3,136.41,1390259
2024-10-10,YARN,18.08,18.78,18.0,18.16,4721418
2024-10-11,SOCK,136.41,137.13,133.59,136.42,1229929
2024-10-11,YARN,18.16,19.37,17.69,18.96,2051820
2024-10-14,SOCK,136.42,137.54,135.92,136.16,4228092
2024-10-14,YARN,18.96,19.07,18.95,19.02,4892611
2024-10-15,SOCK,136.16,136.58,135.53,136.18,1007692
2024-10-15,YARN,19.02,19.07,18.58,18.76,4228256
2024-10-16,SOCK,136.18,139.37,135.61,137.91,4647925
2024-10-16,YARN,18.76,19.41,18.37,19.12,4558663
2024-10-17,SOCK,137.91,141.06,136.15,140.7,1552297
2024-10-17,YARN,19.12,19.76,19.11,19.74,4405657
2024-10-18,SOCK,140.7,145.05,140.48,142.84,1317066
2024-10-18,YARN,19.74,19.93,18.32,18.71,3378241
2024-10-21,SOCK,142.84,144.51,140.08,141.09,2981921
2024-10-21,YARN,18.71,18.75,18.6,18.7,1216950
2024-10-22,SOCK,141.09,142.03,139.2,140.88,4246334
2024-10-22,YARN,18.7,18.77,18.23,18.26,3979985
2024-10-23,SOCK,140.88,141.71,137.64,138.1,1262781
2024-10-23,YARN,18.26,18.82,18.18,18.31,4246204
2024-10-24,SOCK,138.1,139.51,137.79,137.88,4242588
2024-10-24,YARN,18.31,18.34,17.93,18.04,2716191
2024-10-25,SOCK,137.88,139.23,134.78,137.04,4458021
2024-10-25,YARN,18.04,18.61,17.28,17.74,3184463
2024-10-28,SOCK,137.04,137.05,135.33,136.64,4488054
2024-10-28,YARN,17.74,17.84,17.54,17.61,4393294
2024-10-29,SOCK,136.64,136.73,134.2,135.06,4326491
2024-10-29,YARN,17.61,17.81,16.45,16.59,2210892
2024-10-30,SOCK,135.06,135.66,132.82,134.06,1018557
2024-10-30,YARN,16.59,16.75,16.05,16.61,4075160
2024-10-31,SOCK,134.06,138.22,133.88,136.75,3062501
2024-10-31,YARN,16.61,16.71,15.76,15.76,1454678
2024-11-01,SOCK,136.75,141.5,135.64,139.97,2283915
2024-11-01,YARN,15.76,16.06,15.28,15.54,2629572
2024-11-04,SOCK,139.97,140.3,133.65,134.93,4005264
2024-11-04,YARN,15.54,15.8,15.26,15.48,4665615
2024-11-05,SOCK,134.93,141.16,133.42,140.09,3053256
2024-11-05,YARN,15.48,15.89,15.01,15.39,3866683
2024-11-06,SOCK,140.09,141.8,138.92,139.25,1082751
2024-11-06,YARN,15.39,15.73,14.87,14.93,4399911
2024-11-07,SOCK,139.25,141.47,138.98,141.27,2001832
2024-11-07,YARN,14.93,15.13,13.89,14.1,2766955
2024-11-08,SOCK,141.27,142.7,140.95,142.55,1385885
2024-11-08,YARN,14.1,15.07,13.95,15.02,2202142
2024-11-11,SOCK,142.55,143.44,140.14,142.05,3305930
2024-11-11,YARN,15.02,15.18,14.59,14.79,4923497
2024-11-12,SOCK,142.05,144.76,141.73,142.56,1411458
2024-11-12,YARN,14.79,15.36,14.37,15.07,4049326
2024-11-13,SOCK,142.56,147.43,141.86,145.74,2974367
2024-11-13,YARN,15.07,16.47,15.06,15.82,1998989
2024-11-14,SOCK,145.74,147.43,145.73,146.24,1488149
2024-11-14,YARN,15.82,15.86,15.42,15.45,1923120
2024-11-15,SOCK,146.24,146.68,142.6,145.01,1588882
2024-11-15,YARN,15.45,16.6,15.26,16.24,4099849
2024-11-18,SOCK,145.01,147.17,140.92,141.96,1657292
2024-11-18,YARN,16.24,17.32,15.96,16.98,3128066
2024-11-19,SOCK,141.96,148.15,140.82,145.12,4358890
2024-11-19,YARN,16.98,18.04,16.84,17.73,2468502
2024-11-20,SOCK,145.12,148.61,144.88,147.15,4765167
2024-11-20,YARN,17.73,19.12,17.57,18.42,1644455
2024-11-21,SOCK,147.15,149.02,147.07,147.69,2742327
2024-11-21,YARN,18.42,18.5,17.04,17.64,2630014
2024-11-22,SOCK,147.69,153.14,147.38,150.44,4651083
2024-11-22,YARN,17.64,17.99,17.14,17.35,4869736
2024-11-25,SOCK,150.44,155.57,148.73,152.85,4831443
2024-11-25,YARN,17.35,17.75,17.21,17.65,1054527
2024-11-26,SOCK,152.85,155.23,152.39,154.16,2688544
2024-11-26,YARN,17.65,18.81,17.23,18.78,4958810
2024-11-27,SOCK,154.16,155.25,151.72,152.28,2732162
2024-11-27,YARN,18.78,19.33,18.61,19.05,3984102
2024-11-28,SOCK,152.28,152.6,152.14,152.15,1557626
2024-11-28,YARN,19.05,19.06,18.04,18.25,2028516
2024-11-29,SOCK,152.15,157.93,150.16,157.42,4237074
2024-11-29,YARN,18.25,19.16,18.2,19.08,4857250
2024-12-02,SOCK,157.42,159.86,153.64,155.79,1137494
2024-12-02,YARN,19.08,19.76,18.78,19.51,3624463
2024-12-03,SOCK,155.79,156.74,153.81,154.34,3169017
2024-12-03,YARN,19.51,19.77,18.75,18.78,1267646
2024-12-04,SOCK,154.34,156.25,151.24,152.21,2002324
2024-12-04,YARN,18.78,19.24,18.75,18.98,1568928
2024-12-05,SOCK,152.21,152.42,147.91,149.08,2221646
2024-12-05,YARN,18.98,19.71,18.55,19.48,2093817
2024-12-06,SOCK,149.08,149.54,147.83,148.43,3377156
2024-12-06,YARN,19.48,19.51,19.14,19.32,1400355
